,Energy,Happiness
count,115,115
mean,3.147826087,3.260869565
std,0.584799835,0.531250701
min,1,2
25%,3,3
50%,3,3
75%,3.5,3.5
max,5,5
